,Inmate Profile Report,,,,,,,,,
,,,,Friday 29 March 2019,,,,,,
First Name,,,Last Name,,Birthday,,Detention Date,,,
CHEN (CHENG),,,TING,,,"Apr 8, 1963",,,"May 6, 2003",
WANG,,,ZHIZHI,,,"Feb 13, 1981",,,"Feb 5, 2001",
WILLY,,,CHUA,,,"Oct 2, 1969",,,"Sep 6, 2002",
JOSEPH,,,LIM,,,"Oct 5, 1972",,,"Sep 6, 2002",
CHI CHAN,,,LIU,,,"Feb 13, 1962",,,"Dec 8, 1998",
HUI LAO,,,CHUNG,,,"Jun 3, 1965",,,"Dec 8, 1998",
WILLIAM RYAN,,,DONNELL,,,"Apr 28, 1961",,,"Jun 16, 2004",
MARCIO JEAN,,,NAGASHIMA,,,"Aug 19, 1972",,,"Sep 30, 2002",
BENJAMIN,,,ONG,,,"Dec 31, 1949",,,"Sep 1, 1971",
MUATH,,,ATTILI,,,"May 11, 1968",,,"May 28, 2015",
SALLY,,,TALLADA,,,"Jan 24, 1962",,,"May 24, 1993",
TAN,,,HUNG,,,"Feb 12, 1967",,,"Jun 15, 2000",
NANCY,,,ONG,,,"Dec 31, 1944",,,"Aug 3, 2000",
WANG XIU,,,XIU,,,"Nov 24, 1965",,,"Apr 17, 1998",
SUSAN,,,CANTON,,,"Nov 14, 1947",,,"Dec 13, 1996",
NIXON CO,,,XU,,,"Sep 20, 1969",,,"Aug 24, 2005",
YU YUK ,,,LAI,,,"Oct 29, 1946",,,"Dec 13, 1999",
SHIWACHI,,,YASUYUKI,,,"Apr 12, 1963",,,"Feb 27, 2007",
XUSI,,,ONG,,,"Nov 4, 1963",,,"Nov 1, 2002",
CELSO,,,MIRANDA,,,"Apr 8, 1949",,,,
ROBERTO,,,BORBES,,,"Feb 21, 1958",,,,
SENDY LEE,,,TAN,,,"Dec 21, 1979",,,"Jun 23, 2000",
TSIEN TSIEN,,,CHUA,,,,,,"Sep 6, 2001",
HIDETOSHI,,,KAIYA,,,"Apr 3, 1949",,,"Apr 21, 2004",
CONRAD,,,WEBER,,,"Oct 6, 1963",,,,
VICTOR,,,PEARSON,,,"Mar 24, 1948",,,"Aug 23, 2001",
KENNETH DALE,,,ROSEBUSH,,,"Jan 9, 1951",,,,
,,,,,,,,Page 1 of,, 18
,,Friday 29 March 2019,,,,,,,,
First Name,,Last Name,Birthday,,Detention Date,,,
JASON,,SY,,"Nov 16, 1973",,,"Dec 4, 2000",
ROBIN,,ONG,,"Jul 13, 1960",,,"Aug 2, 2002",
CHUN,,ZHENG,,,,,"Aug 11, 2002",
ZHANG,,ZHIMENG,,"Dec 20, 1971",,,"Dec 20, 2001",
MARIO,,GRUTER,,"Feb 13, 1956",,,"Feb 12, 2002",
KHOE,, HONG GEK,,"Dec 7, 1958",,,"Nov 10, 2004",
HERAWATY,,NG,,"Jul 19, 1954",,,"Apr 20, 2003",
MAIMUM,,WAGAMIN,,"Jan 17, 1961",,,"Apr 20, 2003",
DY,,CHIN,,"May 22, 1953",,,"Apr 27, 2003",
YU  ,,BUN,,"Jun 21, 1968",,,"Apr 27, 2003",
CHOI,,NEN,,"Aug 26, 1946",,,"Apr 28, 2003",
MAHALIN,,TRIOS,,"Feb 1, 1952",,,"Oct 19, 1992",
CHRISTIAN CHURWUD,,IFEOBU,,"Oct 20, 1962",,,"Apr 26, 2005",
FAI,,LIM,,"Jan 31, 1972",,,"May 23, 2001",
HUNG,,LEUNG,,"Dec 9, 1966",,,"May 23, 2001",
JEAN MARIE,,ZOLLA,,"Aug 15, 1949",,,"Mar 2, 1996",
ESTRELLITA,,TENDENILLA,,"Jul 22, 1950",,,"Feb 2, 2006",
BRUNO,,SCHACHNER,,"Sep 8, 1969",,,"May 9, 2005",
WILLIAM,,CHING,,"Dec 28, 1962",,,"Dec 28, 1995",
ANDREW,,IBECK,,"Oct 22, 1969",,,"Dec 22, 1998",
JUI-CHANG,,HSU,,"Aug 18, 1975",,,"Aug 27, 2000",
ALEXANDRA,,STELLIOUS,,"Nov 4, 1977",,,"Jul 21, 2001",
PUTTHI,,NATIPRAVAT,,"Jul 31, 1956",,,"Nov 27, 1983",
SE-MA,,SUEBTRAKUL,,"Aug 18, 1957",,,"Feb 27, 1990",
TOM RENE,,DALBY,,"Dec 22, 1946",,,"Apr 1, 2008",
FARHAD,,HATANI,,"Jul 26, 1959",,,"Mar 18, 1987",
LAI,,LI,,"Mar 13, 1970",,,"Jul 23, 2003",
HIGA GAAY,,UEZU,,"Jul 29, 1953",,,"Jan 29, 1998",
FUJITA,,ZENCHIRO,,"Mar 5, 1939",,,"Mar 12, 2002",
MICHAEL,,LOPEZ,,"Nov 30, 1967",,,"Jan 2, 2001",
YOKITOSHI,,MATSUSHITA,,"Apr 26, 1936",,,"Feb 16, 2002",
LI,,YU,,"Feb 16, 1977",,,"Sep 16, 2010",
SAHRI,,BASRI,,"Mar 7, 1963",,,"Sep 14, 2002",
,,,,,,Page 2 of,, 18
,Friday 29 March 2019,,,,,,,
First Name,,Last Name,Birthday,,Detention Date,,,
ARNOLD,,ALBE,,"Dec 4, 1950",,,"Jan 14, 2002",
JEWLYA JEANNIE,,VERGARA,,"Oct 3, 1971",,,"Jul 24, 2007",
CHENG,,NAN-PING,,"Jan 5, 1951",,,"Mar 2, 2000",
ABDELKARIM,,ALKODHA,,"Jan 14, 1959",,,"Apr 19, 2004",
ASHA,,OGUTU,,"Feb 14, 1987",,,"Oct 3, 2011",
XIUQIN,,SHI,,"Jan 26, 1981",,,"May 7, 2010",
ANSON,,ONG,,"Jun 23, 1967",,,"Apr 21, 1997",
KERRY,,OBRIEN,,"Jul 24, 1949",,,"Nov 11, 2002",
TIU ,,WON,,"Oct 14, 1964",,,"Oct 12, 1998",
CUO,,WANG,,"May 27, 1966",,,,
ROGER,,TAN,,"Jul 12, 1958",,,,
ALAMCHANDANI,,MAYADEVI,,"Feb 8, 1947",,,"Jul 29, 2013",
WU,,TUAN,,"Apr 9, 1965",,,"Aug 17, 1999",
LEMAN,,ANG CHUA,,"May 16, 1964",,,,
ZHANG,,WEI LU,,"Feb 15, 1971",,,,
ELIZABETH,,RUNANA,,"Jul 7, 1981",,,"Jul 21, 2011",
YI ZHI,,LIANG,,"Jun 6, 1977",,,"Aug 11, 2004",
TOBECHUKWU,,NICHOLAS,,"Apr 30, 1965",,,"Apr 30, 1998",
JOHN HENRY,,ROSS,,"Aug 28, 1948",,,"Mar 16, 1996",
HENRY,,CO,,"Feb 27, 1975",,,"Jan 12, 2000",
ANTONIO,,SIO,,"Apr 11, 1966",,,,
NOAH,,LINA,,"Jun 4, 1976",,,"Mar 5, 2012",
ROHMAT,,ABDURROHIM,,"Aug 2, 1978",,,"Nov 10, 2005",
GIL,,ANDOY,,"Nov 29, 1965",,,"May 17, 2007",
WANG,,LI ,,"Jul 29, 1965",,,"Jul 13, 2013",
LUK,,WAI,,"Nov 10, 1971",,,,
SAIWAH,,CHEUNG,,"Apr 25, 1965",,,,
PETER SANTOS,,ONG,,"Dec 10, 1971",,,"Sep 7, 2001",
CHUY,,CHUA COCO,,"Jun 8, 1969",,,"Sep 7, 2001",
TAN,,CHIN HUI,,"Sep 21, 1968",,,"Sep 7, 2001",
TAN CHIN,,BUN,,"Jan 29, 1971",,,"Sep 7, 2001",
LEE,,CHANG,,"Dec 31, 1979",,,"Sep 7, 2001",
CHANG,,SIAN,,"Sep 27, 1962",,,"Sep 7, 2001",
KO,,KIAT,,"Jul 16, 1958",,,"Sep 7, 2001",
,,,,,,Page 3 of,, 18
,Friday 29 March 2019,,,,,,,
First Name,,Last Name,Birthday,,Detention Date,,,
WONG,,SOI KWAN,,"Feb 11, 1971",,,"Sep 7, 2001",
LIN,,CHUN,,"Nov 14, 1969",,,"Sep 7, 2001",
FITRI,,UTAMI,,"Apr 22, 1987",,,"Mar 19, 2013",
ERIC,,PARSER,,"Dec 23, 1943",,,"May 17, 2002",
QUAY,,CHEN,,"Nov 17, 1939",,,"Mar 2, 1989",
LO HO,,WING,,"Nov 10, 1945",,,"Oct 6, 1987",
LEUNG,,KUAN,,"Jun 30, 1957",,,,
CHUNG,,TSENG,,"Nov 9, 1960",,,"Mar 16, 2000",
MICHAEL,,DE WITT,,"Oct 20, 1962",,,"Dec 10, 1988",
BENSON,,CHUA,,"Dec 10, 1974",,,"Jan 24, 2000",
CHARLES,,CRAVEN,,"May 16, 1931",,,"May 11, 2001",
SHUI LIANG,,HUANG,,"Apr 16, 1954",,,"Dec 27, 2001",
VELAUDAM,,VELU,,"Mar 26, 1950",,,"Aug 27, 1989",
LI,,WAI,,"Jul 25, 1963",,,"Oct 28, 1988",
TAMIL,,VELOO,,"Oct 27, 1976",,,"Jun 16, 2012",
TUNG CHUAN,,SHIN,,"Apr 24, 1926",,,"Mar 23, 1998",
SONNY,,SINGH,,"Feb 18, 1978",,,"Jun 11, 2001",
ANDRE,,MARTI,,"Aug 22, 1963",,,"Sep 28, 1987",
CAROLINE,,MMANTOA,,"Jun 27, 1962",,,"Apr 10, 2013",
HUANG,,YUNG,,"May 16, 1971",,,"Oct 17, 2000",
CHEN,,CHIU,,"Jun 1, 1954",,,"Jun 8, 2013",
KUO-LUNG,,HSIEH,,"Jan 5, 1979",,,"Dec 6, 2004",
TUNG-LIN,,LEE,,"Dec 13, 1974",,,"Dec 6, 2004",
LI YIN,,CHU,,"Jan 12, 1962",,,"Jun 23, 1998",
ROWENA,,PILLADA,,"Feb 18, 1970",,,"Mar 27, 2017",
CHAN,,CHUNG,,"Sep 26, 1969",,,"Jul 23, 2002",
JESSIE,,JAMES,,"Dec 23, 1971",,,"Sep 7, 1999",
CHING,,HUI,,"Sep 5, 1952",,,"Jan 15, 1989",
DWI,,WULANDARI,,"Mar 2, 1981",,,"Sep 29, 2012",
NEMOTO,,AKIRA,,"May 24, 1964",,,"Jun 1, 2004",
XIAO,,CHAI,,"Jul 28, 1983",,,"Sep 15, 2013",
LU,,DAN,,"Apr 10, 1991",,,"Jun 10, 2016",
YANG,,WEI,,"Oct 15, 1979",,,"May 13, 2016",
CHUA,,TAN LEE,,"Feb 10, 1969",,,"May 10, 1999",
,,,,,,Page 4 of,, 18
,Friday 29 March 2019,,,,,,,
First Name,,Last Name,Birthday,,Detention Date,,,
TAN YIN,,CHO,,"Feb 14, 1960",,,"Sep 23, 1996",
JERRY,,TING,,"Mar 14, 1961",,,"Jul 20, 1998",
MAN,,MIU,,"Jan 16, 1970",,,"Sep 22, 1996",
CHING,,PING,,"Mar 27, 1951",,,"Aug 28, 2000",
XIAO,,ZHI,,"Feb 11, 1966",,,"Feb 2, 1998",
THANH,,LE,,"Oct 4, 1968",,,"May 8, 1997",
LEE,,KEAT,,"Nov 7, 1953",,,"May 22, 2000",
RONALD,,YAO,,"May 8, 1975",,,,
MITSURU,,TADA,,"May 4, 1957",,,"Sep 20, 2001",
LIN,,CHUA,,"Aug 7, 1978",,,,
NAKAJIMA,,TAGAHIRO,,"Jul 23, 1946",,,"Jun 10, 1987",
BARBARA EWA,,ZIONTKOWSKA,,"May 12, 1973",,,,
KAI,,TSE,,"Dec 7, 1939",,,"Jan 24, 1989",
YOSHICHICA,,MATSUTANI,,"Dec 11, 1948",,,"Jul 2, 1996",
JIMMY,,ANG,,"Aug 14, 1940",,,"Oct 4, 2000",
JOSE,,SY,,"Jan 10, 1946",,,"Apr 11, 1998",
YING,,SHI,,"Feb 15, 1957",,,"Jan 19, 2004",
SHI,,LIN,,"Jun 2, 1980",,,"Jan 19, 2004",
ZHAI,,WANG,,"May 3, 1973",,,"Jan 19, 2004",
DE,,HUANG,,"Jul 22, 1977",,,"Jan 19, 2004",
DOU,,WU,,"Jan 13, 1976",,,"Jan 19, 2004",
CHANG,,YANG,,"Jun 25, 1971",,,"Jan 19, 2004",
JOEY,,LIM,,"Dec 29, 1963",,,"Nov 23, 2003",
SHU,,WU,,"May 4, 1937",,,"Jan 19, 2004",
CHONG,,LIANG,,"Aug 10, 1969",,,"Jan 19, 2004",
CHUN,,HUANG,,"Mar 17, 1975",,,"Jan 19, 2004",
YI,,LI,,"Apr 18, 1976",,,"Jan 19, 2004",
ZIGUAN,,HE,,"Dec 12, 1978",,,"Jan 19, 2004",
ZHEN,,YU,,"Oct 12, 1961",,,"Jan 19, 2004",
SHIQIANG,,LIN,,"Oct 2, 1981",,,"Jan 19, 2004",
FU,,SHIYIN,,"Jun 1, 1969",,,"Jan 19, 2004",
LI,,YILI,,"Oct 4, 1979",,,"Jan 19, 2004",
HU,,HU,,"Apr 27, 1940",,,"Jan 19, 2004",
LI,,HON,,"Sep 8, 1957",,,"Jan 19, 2004",
,,,,,,Page 5 of,, 18
,Friday 29 March 2019,,,,,,,
First Name,,Last Name,Birthday,,Detention Date,,,
TANG,,LAN,,"Apr 12, 1964",,,"May 25, 1992",
BENNY,,GO,,"Apr 5, 1954",,,"Sep 12, 2003",
MICHAEL DEWAYNE,,SAWYER,,"Jul 23, 1955",,,"Mar 5, 1990",
XIONG SHE,,WEI,,"Jul 31, 1957",,,"Apr 20, 1998",
YONG,,FUNG,,"Oct 25, 1951",,,"Dec 10, 1997",
FANG REN ,,YI,,"Jan 29, 1978",,,,
QI,,JIAN,,"Apr 23, 1975",,,,
LI ZHI,,MING,,"May 19, 1972",,,,
LI ZHONG,,SHENG ,,"Oct 4, 1965",,,,
WANG YU,,ZHEN,,"Dec 28, 1962",,,,
LIU WEN,,JIE,,"Jun 7, 1985",,,,
YUAN,,LIANFIE (LIANFEE),,"May 22, 1979",,,,
CHENG SHOU,,YUN,,"Oct 11, 1963",,,,
JEAN-GUY,,HEROUX,,"Oct 26, 1951",,,"May 5, 2000",
CHE (CHI)  LI,,YONG,,"Dec 14, 1963",,,,
WEN HONG,,MIN,,"Jul 2, 1972",,,,
TANG HAI,,LING,,"Oct 23, 1970",,,,
LIU CHANG,,JIE,,"Feb 10, 1968",,,,
JOGY,,LEE,,"Jun 17, 1968",,,"Aug 15, 1994",
MICHAEL,,UY,,"May 12, 1971",,,"Sep 20, 2002",
PING,,SHO,,"Feb 2, 1969",,,"Jul 24, 1998",
EHMAD,,AGA,,"May 7, 1951",,,"Mar 13, 2010",
JIMMY,,SHI,,"Oct 10, 1976",,,"Nov 9, 1999",
TURAN,,KIRAT,,"Aug 30, 1950",,,"Jun 30, 2017",
DIHN,,NHAN,,"Jun 4, 1963",,,"Oct 5, 1989",
TAT,,LIM,,"Feb 20, 1960",,,"Dec 5, 1997",
WU ,,JIAN QUAN,,"Nov 25, 1966",,,"Dec 5, 1997",
SHANG,,WU,,"Mar 17, 1965",,,,
CHUCK,,LI,,"May 29, 1952",,,"Jan 15, 2003",
FRITZ POUL,,CARLSEN,,"Oct 17, 1957",,,,
WILLY,,ANG,,"Jun 5, 1975",,,"Jan 15, 2003",
TOM,,CHUA,,"Jun 18, 1982",,,"Jan 15, 2003",
SAM,,CHUA,,"Aug 7, 1973",,,"Jan 15, 2003",
CHUA,,CHE KET,,"Jul 12, 1973",,,"Apr 9, 2002",
,,,,,,Page 6 of,, 18
,Friday 29 March 2019,,,,,,,
First Name,,Last Name,Birthday,,Detention Date,,,
CHUA,,HUAN,,"Oct 11, 1964",,,"Apr 9, 2002",
YOU,,CAI,,"Mar 13, 1981",,,"Jul 28, 2000",
JIAN,,WANG,,"Dec 19, 1968",,,"Jul 28, 2000",
LEE,,HOI MING,,"Dec 22, 1960",,,"Oct 2, 1999",
FUGIO,,YAMASAKI,,"Jul 10, 1958",,,"Sep 25, 1991",
TECSON,,LIM,,"Dec 12, 1975",,,"May 23, 2000",
DOMINGO,,SUMILONG JR.,,"Jul 29, 1956",,,"Jul 21, 2003",
ALI,,ZAID,,"Dec 21, 1959",,,"Aug 2, 2002",
EUGENE HO,,CHUA,,"Nov 18, 1967",,,"Mar 5, 1999",
ALFREDO,,TAKASIMA,,"Aug 16, 1962",,,"Jun 14, 1998",
MAKOTO,,ARAKI,,"Aug 7, 1951",,,"Mar 10, 2000",
CHUNG MING,,IP,,"Jan 4, 1964",,,"Dec 28, 1989",
JOHNNY,,TAN,,"Nov 18, 1965",,,"Mar 20, 2001",
CHOW,,TAT,,"Nov 20, 1950",,,"Aug 22, 2001",
MICHAEL,,ONG,,"Dec 3, 1964",,,"Jul 31, 1990",
XIHE,,CAI,,"Jun 26, 1963",,,,
SANG,,TIAN,,"Dec 3, 1962",,,,
DUSHI,,CAI,,"Mar 14, 1966",,,,
QIZHONG,,YAN,,"Aug 28, 1968",,,,
CHI DIAK,,LAO,,"Dec 1, 1952",,,,
KING,,CHENG,,"Dec 29, 1954",,,,
LIM,,CHAMOU,,"Nov 14, 1980",,,,
EMIL,,SOLEMO,,"Sep 23, 1975",,,"Apr 23, 2009",
BO STEFAN,,SEDERHOLM,,"Apr 2, 1980",,,"Apr 23, 2009",
CHANG,,TIEN,,"May 6, 1954",,,"Apr 19, 2007",
MICHAEL,,SY,,"Aug 14, 1972",,,"Jul 21, 2000",
JAMES KENNETH,,NICHOLS,,"Jan 21, 1967",,,"Jul 8, 2000",
JERRY,,LIM,,"Jul 2, 1972",,,"Apr 12, 2000",
WU,,CHENG YE,,"Jan 26, 1963",,,"Apr 16, 1996",
CAI,,CHEN SIONG,,"Jan 31, 1966",,,"Jun 27, 2001",
LOUI,,CHUA,,"Jul 23, 1977",,,"Sep 11, 2002",
HIROFUMI,,TOSHIMITSU,,"Dec 3, 1964",,,"Jul 15, 2009",
LI,,KIM,,"Dec 18, 1970",,,"Sep 19, 1999",
SU,,SHAN,,"May 23, 1968",,,"Apr 6, 2001",
,,,,,,Page 7 of,, 18
,Friday 29 March 2019,,,,,,,
First Name,,Last Name,Birthday,,Detention Date,,,
WILLY,,YANG,,"Nov 6, 1972",,,"Mar 19, 1999",
LEE,,GANG,,"Apr 30, 1973",,,"Feb 20, 2003",
ANG,,CHUN,,"May 19, 1971",,,"Feb 22, 2003",
HENRY,,ANG,,"May 20, 1966",,,"Apr 27, 2001",
TEMINH,,TIEN,,"Oct 6, 1968",,,"Apr 12, 2005",
CAI,,JIAN,,"Jan 16, 1967",,,"Jun 8, 2005",
LI,,WANG,,"Mar 8, 1956",,,"Oct 19, 2001",
JOSEPH,,GILL,,"Nov 4, 1949",,,"May 6, 2000",
SAI,,KWOK,,"Mar 8, 1960",,,,
CHI,,LAW,,"Apr 18, 1955",,,,
CHI,,OYANG,,"Feb 24, 1964",,,,
AGUS,,DWIKARNA,,"Aug 10, 1964",,,"Mar 13, 2002",
ALBERT,,TENG,,"Mar 24, 1948",,,"Mar 12, 2009",
SOH,,POR,,"Nov 6, 1950",,,"Sep 10, 2002",
SONNY,,KU,,"Dec 8, 1956",,,"Mar 27, 2008",
ZHENG,,WU,,"Sep 4, 1976",,,"May 21, 2002",
TSUNG,,CHEN,,"May 17, 1955",,,"Dec 3, 2009",
LI LONG,,LE,,"Aug 16, 1979",,,"Dec 29, 2004",
AKIRA,,KAJISAKO,,"Feb 3, 1962",,,"Jun 27, 2001",
PO,,CHUAN,,,,,,
WILLIAM,,ONG,,"Sep 20, 1963",,,"Jun 24, 2004",
WILLY,,SY,,,,,"Mar 10, 2003",
BIKRAM ,,SINGH,,"May 29, 1969",,,"Jul 24, 2009",
CHUA HONG,,TIAN,,"Jan 15, 1968",,,"Apr 17, 2002",
CONSTATINE,,KEPALIDES,,"Jul 31, 1963",,,"Nov 8, 2001",
OLUSEGUN,,OMOWAIYE,,"Oct 21, 1964",,,"Mar 7, 2000",
LIN ,,JUNG ,,"Apr 13, 1963",,,"Dec 13, 2004",
NG YIK,,BUN,,"Apr 24, 1978",,,"Jun 26, 1998",
WAI,,KWOK,,"Nov 5, 1968",,,"Jun 26, 1998",
CHANG,,CHAUN SHI,,"Feb 26, 1965",,,"Jun 26, 1998",
CHUA,,SHILOUHWAN,,"Jun 11, 1965",,,"Jun 26, 1998",
KAN SHUN,,MIN,,"Mar 9, 1965",,,"Jun 26, 1998",
HONG,,YEN E,,"Dec 5, 1977",,,"Sep 6, 2001",
CHUA,,CHI,,"Oct 11, 1964",,,"Nov 6, 2001",
,,,,,,Page 8 of,, 18
,Friday 29 March 2019,,,,,,,
First Name,,Last Name,Birthday,,Detention Date,,,
HUANG,,HONGWEI,,"Jan 19, 1966",,,"Nov 6, 2001",
JOEY,,LU,,"Jul 26, 1977",,,"Nov 6, 2001",
XINGFU,,WANG,,"Feb 2, 1971",,,"Nov 6, 2001",
CHANG SHIN,,LU,,"Aug 25, 1956",,,"Mar 27, 2001",
ONKAR,,SINGH,,"Nov 5, 1979",,,"Jan 23, 2006",
JINSHI,,XU,,"Nov 1, 1981",,,"Oct 20, 2015",
WONG,,MING,,"Oct 23, 1948",,,,
AU,,CHEUNG,,"Jan 3, 1964",,,,
SHAREFF,,AKHTAR,,"Jan 8, 1965",,,"Aug 15, 1996",
KEUNG,,TONG CHI,,"Jul 10, 1961",,,"Jul 1, 1996",
MAHYAR,,ALIMARDANI,,,,,"Jan 31, 2018",
CHRIS JAY,,BURDINE,,"Jul 30, 1964",,,"Mar 14, 2008",
TOMOHISA,,KIMURA,,"Sep 28, 1959",,,,
RYOTA,,MAEDA,,"Feb 26, 1949",,,"Sep 23, 1992",
AKIRA,,KIZAKI,,"May 9, 1946",,,,
CHE,,CHUN TING,,"Jul 20, 1942",,,"Jul 9, 1996",
CHENG,,CHUA,,"Feb 10, 1941",,,"May 14, 1996",
LENG,,HAI YUN,,"Mar 20, 1972",,,"May 29, 2013",
DANG,,HUI YIN,,"Aug 19, 1979",,,"May 29, 2013",
LIU,,WEN XION,,"Aug 11, 1987",,,"May 29, 2013",
LEI ,,GUANG FENG,,"Jan 13, 1984",,,"May 29, 2013",
CHEN TA ,,YUNG,,"Nov 3, 1957",,,"Apr 5, 2016",
YANG,,SHU,,"Aug 10, 1971",,,"Jul 1, 2011",
ANTHONY,,CO,,"Apr 16, 1962",,,"Mar 15, 1993",
ALLAN,,LEE,,"Nov 15, 1962",,,"Aug 18, 2003",
PEZHMAN,,PARVA,,"Aug 9, 1968",,,"Dec 12, 2005",
HOW ENG,,PHEOW,,"Oct 11, 1968",,,"Jun 23, 2010",
MAN LUNG TOMMY,,CHOI,,"Jan 7, 1952",,,"Jun 9, 2017",
JOSEPH,,SY,,"Jul 21, 1981",,,"Jul 1, 2015",
ROBERT,,PRYCE,,"Jun 20, 1967",,,"Nov 26, 2009",
CHEN,,CHANG,,"Jun 9, 1954",,,"Nov 12, 1996",
CHENG,,SAN,,"Jan 15, 1965",,,"Nov 12, 1996",
CHEN,,CHI,,"Mar 24, 1955",,,"Jan 27, 1996",
JASON,,IVLER,,"Jan 7, 1982",,,"Jan 27, 2010",
,,,,,,Page 9 of,, 18
,Friday 29 March 2019,,,,,,,
First Name,,Last Name,Birthday,,Detention Date,,,
ALI MEMAR ,,SHIRAZI,,"Apr 11, 1983",,,"Feb 28, 2018",
JAMES CLAYTON,,RIACH,,"Jan 27, 1982",,,"Feb 28, 2018",
WAN YI,,YANG,,"Aug 7, 1965",,,"Feb 29, 2008",
LESTER,,FRESHOUR,,"Jan 30, 1926",,,"Nov 26, 1993",
JOSEPH SCOTT ,,PEMBERTON,,,,,"Dec 19, 2014",
DICKSON,,OSAKA,,"Dec 22, 1925",,,"Jul 29, 1992",
GORDON,,CREGIER,,"Apr 12, 1965",,,"Oct 18, 2016",
NIAN,,QINGGOU,,"Mar 31, 1968",,,"Feb 18, 2011",
GALADIMA,,BASHARO,,"Jun 1, 1988",,,"Feb 1, 2016",
WILFREDO,,UY,,"Dec 11, 1952",,,"Nov 3, 2017",
KAVIN JOHN,,COCHRANE,,"Jul 25, 1957",,,"Sep 11, 1997",
MARTIN,,DE JONG,,"Dec 28, 1970",,,"Mar 26, 2018",
RAMIL,,RAMIREZ,,"Aug 29, 1970",,,"Sep 18, 2014",
CHRISTIAN ADOLF,,WINTTERER,,"Feb 11, 1964",,,"May 12, 2008",
TITO,,LIM,,"Aug 20, 1967",,,"Sep 10, 2003",
THOMAS ,,PAPALIA,,"Oct 9, 1969",,,"Mar 26, 2010",
LEON,,ROUSE,,"May 21, 1957",,,,
KAM,,CHUNG,,"Oct 11, 1987",,,"Oct 24, 2012",
DAVE,,GO,,"May 4, 1981",,,"Jun 17, 2011",
EJIKE MARTIN,,OKOYE,,"Nov 26, 1989",,,,
SCOEC,,BOSCO,,"Jun 12, 1974",,,,
PENDATUN,,ABDUL,,,,,"Oct 25, 1990",
SHULI,,ZHANG,,"Oct 22, 1978",,,,
NORITAKA,,OTA,,,,,"Sep 6, 2004",
CHIH CHIEN,,YANG,,"Nov 14, 1971",,,"Jan 1, 2009",
COUNG,,LEE,,"Jul 30, 1974",,,"Jan 7, 2010",
ERNST GEORGE,,HOLZER,,"Apr 10, 1948",,,,
KIYOKI,,KAGAYAMA,,"Jan 28, 1949",,,"Aug 5, 1994",
QUE MING,,KHA,,"Mar 19, 1957",,,"Jun 6, 1998",
QUE,,KIM,,"Mar 13, 1963",,,,
LI,,WEI,,"Aug 8, 1988",,,,
LI ,,HUANG,,"Oct 24, 1970",,,,
EDUARDO,,CHUA,,"Apr 26, 1959",,,"Sep 29, 1996",
DICK,,SZE,,"Aug 26, 1964",,,"Sep 29, 1996",
,,,,,,Page 10 of,, 18
,Friday 29 March 2019,,,,,,,
First Name,,Last Name,Birthday,,Detention Date,,,
TAKAHIRO,,YAMASHITA,,"May 1, 1970",,,"Jun 30, 2011",
HENRY,,ONG,,"Jun 15, 1947",,,"Feb 15, 2010",
GEORGE,,MINA,,"Jan 5, 1944",,,"Mar 3, 1993",
VADIM,,SURKOV,,"Feb 24, 1951",,,"Sep 23, 1994",
CRISPIN,,BILLABER,,"Jan 8, 1954",,,"Jul 28, 1992",
YIU,,SHING,,"Jun 10, 1945",,,"Dec 8, 1991",
ALAMCHANDANI,,LACHMANDAS,,"Aug 26, 1938",,,"Jul 29, 2013",
DENNIS,,BEDELL,,"May 8, 1980",,,"Sep 10, 2009",
YAU,,FONG,,"Jul 18, 1964",,,"Nov 26, 2009",
CHING,,CHI HUI,,"May 19, 1948",,,"Jan 24, 2007",
HON,,WAI,,"Jun 7, 1955",,,"Jan 17, 2007",
SIEM,,LEE,,"Aug 7, 1970",,,"Oct 5, 2003",
ALEX,,TAN,,"Jul 24, 1963",,,"Sep 3, 2013",
ROBERT,,ONG CRUZ,,"Jan 23, 1973",,,"Sep 3, 2013",
ZHANG,,SHANG,,"Jun 29, 1964",,,"Sep 3, 2013",
JOHN,,PIDDEN,,"Jun 18, 1949",,,"Aug 7, 1997",
ZENG,,SHUI,,"Oct 31, 1965",,,"Aug 12, 1996",
NAZEER AHMED,,SHIEK,,"Sep 14, 1963",,,"Feb 23, 1994",
ASIM,,KAMAL,,"Jan 14, 1961",,,"Mar 1, 1994",
SHU,,NG,,"Mar 7, 1962",,,"Apr 24, 1991",
KEN,,CURTIS,,"Dec 25, 1956",,,"Oct 18, 1997",
CHI,,YEUNG,,"Apr 6, 1951",,,"May 9, 2013",
WARREN,,QUE,,"Apr 15, 1960",,,"Jul 18, 1997",
NIGEL RICHARD,,GATWARD,,"Nov 29, 1963",,,"Sep 2, 1994",
U,,WIN,,"Sep 27, 1967",,,"Sep 6, 1994",
ROVIN,,TAN,,"Jan 8, 1971",,,"Nov 11, 1996",
EDUARDO,,GOMEZ,,"Oct 11, 1944",,,"Mar 25, 1990",
DAVID,,STONECYPHER,,"Nov 7, 1962",,,"Apr 9, 2007",
KHALED,,ABU-MLIHAN,,"Oct 9, 1967",,,"Mar 23, 1991",
KUNIMITSU,,MATSUO,,"Jun 27, 1956",,,"Aug 2, 2012",
YASUAKI,,TAKEDA,,"Oct 8, 1958",,,"Dec 21, 1989",
RIADH,,HASSAN,,"Feb 2, 1961",,,"Mar 20, 1990",
JONATHAN,,KELLY,,"May 10, 1949",,,"May 22, 2013",
FRANK ALEXANDER,,SCHNEIDER,,"Sep 18, 1970",,,,
,,,,,,Page 11 of,, 18
,Friday 29 March 2019,,,,,,,
First Name,,Last Name,Birthday,,Detention Date,,,
WANG,,LAW,,"Apr 30, 1956",,,"Oct 21, 1991",
CHAN CHIT,,YUE,,"May 6, 1952",,,"Oct 22, 1991",
PANG,,HO,,"Mar 8, 1958",,,"Oct 21, 1991",
WU HING,,SUM,,"Jun 22, 1961",,,"Oct 22, 1991",
MAO,,TIN,,"Dec 10, 1956",,,"Oct 21, 1991",
KIN SAN,,HO,,"Jul 19, 1949",,,"Oct 22, 1991",
DAN JOSE,,PASIVE,,"Oct 20, 1952",,,"Dec 5, 2005",
PAUL,,ANDERSON,,"Apr 28, 1948",,,"Feb 28, 2005",
PETRUS,,YAU,,"Aug 24, 1953",,,"Feb 11, 2004",
ERWIN,,FISCHER,,"Jan 2, 1938",,,"Nov 27, 2009",
JAVIER,,GALENT,,"Nov 7, 1968",,,"Mar 8, 2006",
HEDISHI,,SUZUKI,,"May 24, 1956",,,"Aug 11, 1991",
RICHARD,,BALDWIN,,"Aug 14, 1921",,,"Nov 28, 1991",
CHING,,DE MING,,"Sep 5, 1973",,,,
KANWALJIT,,SINGH,,"Apr 28, 1982",,,"Sep 17, 2010",
HARBHGVAN,,SINGH,,"Apr 3, 1981",,,"Sep 17, 2010",
BRAR TARSEM,,SINGH,,"Jun 15, 1972",,,"Sep 17, 2010",
RALF PETER,,HOURLE,,"May 15, 1957",,,"Oct 25, 2016",
JEREMY D. H. A.,,EATON,,"Nov 5, 1982",,,"Jun 21, 2016",
TAN KIM,,CHEW,,"Jan 31, 1948",,,"Nov 4, 1999",
CHIN,,YONG,,"Sep 5, 1964",,,"Sep 9, 1991",
YAP,,BOON,,"Mar 9, 1967",,,"Sep 9, 1991",
TAN,,TEE,,"May 2, 1946",,,"Sep 9, 1991",
CHIN,,SONG,,"Jan 26, 1971",,,"Sep 25, 1991",
CHIN,,WEE,,"Aug 6, 1969",,,"Sep 25, 1991",
CHIN,,FAH,,"Feb 22, 1970",,,"Sep 9, 1991",
LIM,,FATT,,"Nov 9, 1967",,,"Sep 9, 1991",
CHAI,,HUWA,,"Nov 26, 1965",,,"Sep 25, 1991",
LIM,,SUN,,"Jul 28, 1948",,,"Jul 29, 1989",
SIU,,MING ,,"Aug 17, 1975",,,"Aug 31, 2012",
LEE,,YOONG,,"Jul 8, 1975",,,"Aug 31, 2012",
TORGEIR,,HOVERSTAD,,"Apr 6, 1953",,,"Jun 11, 2014",
CHEE,,TEOH,,"Sep 30, 1968",,,"Sep 8, 2010",
BOB,,DOUGLAS,,"Oct 26, 1979",,,"Feb 22, 2011",
,,,,,,Page 12 of,, 18
,Friday 29 March 2019,,,,,,,
First Name,,Last Name,Birthday,,Detention Date,,,
PEDRO,,MENDES,,"Oct 30, 1976",,,"Feb 22, 2011",
VICTOR,,OKOH,,"Oct 13, 1973",,,"Feb 22, 2011",
MARK,,WANG,,"Jul 4, 1976",,,"Mar 23, 2006",
KASUHIRO,,ICHIHARA,,"Jul 19, 1970",,,"Feb 12, 1999",
TAN,,MENG,,"Jun 26, 1957",,,"Oct 20, 1992",
LI,,LIN,,"Oct 2, 1969",,,,
LIU,,BO,,"Sep 30, 1973",,,,
KIN,,SIEW,,"Jun 27, 1979",,,"Sep 29, 2004",
FEI,,TAO,,"Apr 9, 1981",,,,
TYAO,,WU,,"Mar 10, 1972",,,"Sep 29, 2004",
JOSEPH,,YU,,"Feb 13, 1964",,,"Sep 28, 2004",
XIAFU,,BAO,,"May 19, 1969",,,,
KAM,,LIEW,,"May 13, 1964",,,"Sep 29, 2004",
N. CHANDRAR,,NADERAJAN,,"May 21, 1982",,,"May 9, 2013",
GONG,,FEIPENG,,"Feb 16, 1973",,,"Mar 25, 2009",
SHUN KUO,,SHI,,"Jun 18, 1960",,,"Mar 25, 2009",
SUN,,TAMANG,,"Aug 15, 1960",,,"Aug 10, 2012",
CHUN,,CHEN,,"Apr 23, 1978",,,"May 8, 2007",
SAMSON,,TAN,,"Apr 3, 1977",,,"May 30, 2008",
JOHN ROBERT,,NAVARRO,,"Feb 16, 1954",,,"Dec 16, 1994",
CHING,,CHE,,"May 6, 1953",,,"Oct 30, 1991",
KARL,,REICHL,,"Mar 11, 1953",,,"May 11, 1993",
MARTIN,,FLETCHER,,"Feb 23, 1959",,,"Jul 24, 1997",
REIICHERO,,HAYASHI,,"Nov 28, 1965",,,"Sep 17, 2008",
TAI,,ON CHEUNG,,"May 13, 1972",,,"Jul 18, 2000",
LUNG,,WAI TANG,,"Jun 18, 1971",,,"Jul 18, 2000",
ANTON JOSEPH,,KAMPFMANN,,"Jan 8, 1954",,,"Mar 23, 2012",
STEPHEN MARK,,WHISENHUNT,,"May 23, 1953",,,"Apr 8, 1992",
HIROSHI,,KATSUMATA,,"Dec 13, 1961",,,"May 17, 2014",
ZULKIPLI,,JULKIPLI,,"Apr 25, 1977",,,"Sep 9, 2003",
TAUFIQ,,RIFQI,,"Aug 18, 1974",,,"Jun 3, 2010",
HISAYOSHI,,MARUYAMA,,"May 1, 1952",,,"Feb 21, 1996",
ROGER,,STOCKER,,"Jul 29, 1966",,,"Mar 23, 1992",
CHU ,,KIN,,"Mar 5, 1970",,,"Mar 18, 2010",
,,,,,,Page 13 of,, 18
,Friday 29 March 2019,,,,,,,
First Name,,Last Name,Birthday,,Detention Date,,,
WONG ,,MENG ,,"Apr 10, 1963",,,"Mar 18, 2010",
LI ,,A,,"Sep 29, 1979",,,"Mar 18, 2010",
KANAGALINGAM,,JEESWARAN,,"Oct 9, 1980",,,"Mar 11, 2011",
CHIN,,TU,,"Oct 16, 1969",,,"May 21, 2004",
CHUA,,WEN,,"Sep 2, 1970",,,"May 21, 2004",
HO,,KUO,,"Nov 20, 1964",,,"Nov 21, 2003",
CHIU,,LU,,"May 10, 1980",,,"Nov 9, 2009",
HAIRONG,,LIN,,"May 29, 1980",,,"Nov 9, 2009",
WANG,,SI,,"Dec 9, 1965",,,"Nov 9, 2009",
WU,,JUNG,,"Dec 18, 1970",,,"Nov 9, 2009",
TSU,,YANG,,"Mar 29, 1957",,,"Nov 9, 2009",
SHI,,JIAN,,"Mar 8, 1979",,,"Feb 20, 2006",
GEORGE MULLER,,MILLER,,"Feb 21, 1937",,,"Jan 19, 1993",
XU,,YOU,,"Mar 5, 1979",,,"Feb 20, 2006",
WU,,CHANG,,"Jun 2, 1963",,,"Feb 20, 2006",
LIM,,JIAN,,"Aug 16, 1973",,,"Feb 20, 2006",
ZHANG,,XI,,"Aug 9, 1981",,,"Feb 20, 2006",
SHI,,CHUN,,"Apr 2, 1982",,,"Feb 20, 2006",
SHULI,,ZHANG,,"Oct 22, 1978",,,,
BENSON,,LAO,,"May 21, 1962",,,"Jul 8, 2015",
LIM,,TING,,"May 14, 1987",,,"Apr 22, 2010",
XIAO MIN,,CHUA,,"Jan 17, 1970",,,"Dec 20, 2015",
SUNNY,,OTUWA,,"Aug 8, 1970",,,"Oct 30, 2009",
HUNG KIN,,SING JIMMY,,"Nov 15, 1953",,,"Jan 14, 1999",
JESS,,HOWARD,,"Dec 23, 1951",,,"Aug 18, 2014",
CHUA TONY,,HIONG QUE,,"Oct 24, 1962",,,"Jan 17, 1999",
TIMOTHY,,DESMOND,,"Sep 10, 1948",,,"Jun 9, 2017",
ROBERT,,KIDD,,"Aug 1, 1960",,,"Apr 6, 1992",
CHEONG,,SAN HIONG,,"Jul 26, 1954",,,"May 21, 1991",
GEORGE,,SY,,"Feb 23, 1969",,,"Jan 17, 2003",
DONG ,,JIN,,"Aug 25, 1984",,,"Jul 8, 2013",
MARCUS,,HODGE,,"Feb 23, 1962",,,"May 18, 2009",
JESSE MATHEW,,JOHNSON,,"Feb 1, 1985",,,"Mar 21, 2011",
FLORANTE,,CALIBOSO III,,"Jan 25, 1991",,,"May 13, 2014",
,,,,,,Page 14 of,, 18
,Friday 29 March 2019,,,,,,,
First Name,,Last Name,Birthday,,Detention Date,,,
TOU ,,HEOUNG,,"Jul 22, 1953",,,"Jun 4, 2010",
JAMES,,GO ,,"May 12, 1970",,,"Dec 26, 2003",
JEREMIAH,,OSMOND,,"Feb 8, 1953",,,"Aug 17, 1994",
TAKAMI,,YAJIMA,,"Mar 3, 1929",,,"Oct 30, 1995",
STEVEN ROY,,MITCHELL,,"Feb 6, 1952",,,"Nov 13, 1995",
WANG,,CHUNRI,,"Jul 19, 1977",,,"Jan 16, 2009",
LIN,,ASI,,"Mar 14, 1971",,,"Jan 16, 2009",
YU-TENG,,CHENG,,"Jan 2, 1960",,,"Sep 10, 2012",
HORNG-JEN,,TSAI,,"Dec 29, 1955",,,"Sep 10, 2012",
KUN-LIN,,YU,,"Dec 6, 1962",,,"Sep 10, 2012",
YUNG CHUN,,HUANG,,"Aug 4, 1972",,,"Sep 10, 2012",
YUN-PONG,,HSU,,"Jun 9, 1948",,,"Sep 10, 2012",
JAMES,,KIM,,"Jan 7, 1963",,,"Dec 28, 1994",
DISON,,KUA,,"Aug 29, 1961",,,"May 26, 2013",
TAADAKI,,SAWASHIMA,,"Aug 19, 1950",,,"Mar 7, 2012",
JOEL,,AZARCON,,"Mar 14, 1965",,,"Jul 4, 2015",
LI,,LAN,,"Aug 8, 1962",,,"Oct 10, 2011",
SUNXIAO,,XU,,"Aug 24, 1984",,,"Jan 23, 2012",
WENXIAN,,HONG,,"May 24, 1977",,,"Jan 23, 2012",
ALAN K.C.,,KHOR,,"Dec 19, 1946",,,"Jun 7, 1996",
CHIU,,CHEN,,"Nov 30, 1982",,,"Jun 17, 2016",
KENCHANG,,MORAYAMA,,"Jan 16, 1989",,,"Jun 16, 2011",
HOMER,,GORDON,,"Feb 17, 1984",,,"Jan 3, 2014",
MICHAEL,,CLARKE,,"Sep 26, 1946",,,"Aug 11, 1994",
OOI,,HOCK,,"May 25, 1952",,,"Jul 15, 2012",
OZAMA MUSTAFA,,ASHOOR,,"Jan 18, 1958",,,"Oct 20, 1994",
ZHONG,,CHEN,,"Jan 28, 1976",,,"Oct 12, 2005",
JIN DUN,,JI,,"Sep 8, 1971",,,"Jun 14, 2007",
GEORGE,,WILLIAMS,,"Oct 12, 1962",,,"Sep 30, 1992",
EVANS,,ASARE,,"Sep 15, 1969",,,"Aug 29, 1993",
LIN,,YI,,"Oct 2, 1968",,,"Aug 29, 2006",
CHENG,,WENG,,"Oct 6, 1968",,,"Aug 29, 2006",
MINORU,,FUKUMITSU,,"Mar 27, 1913",,,"Jan 6, 1993",
JOSEPH,,CHARLES,,"Aug 19, 1948",,,"Oct 29, 2015",
,,,,,,Page 15 of,, 18
,Friday 29 March 2019,,,,,,,
First Name,,Last Name,Birthday,,Detention Date,,,
ANG CHUN,,KIT,,"Aug 3, 1937",,,"Dec 4, 1990",
EMILE H.J.C.,,LE CLERCQ,,"Nov 20, 1935",,,"Aug 8, 1996",
BHUFINDER,,SINGH,,"Apr 29, 1980",,,"Jan 9, 2007",
RAKISH,,KUMAR,,"Apr 4, 1977",,,"Jan 9, 2007",
ZENG,,DIAN,,"Oct 14, 1963",,,"Apr 17, 1999",
YANG,,GIOU,,,,,"Jun 15, 1999",
ZHENG BAI,,HUI,,"Aug 19, 1958",,,"Oct 26, 1994",
NELSON,,HONG TY,,"Jun 25, 1971",,,"Oct 26, 1994",
RAMON,,UY,,"Dec 11, 1948",,,"Sep 13, 1995",
NABIL,,AL-AWADI,,"Mar 9, 1959",,,"Jul 7, 1999",
HONG,,ZHI,,"Mar 15, 1966",,,"Dec 12, 2012",
GO,,CHAN,,"Jul 22, 1981",,,"Dec 12, 2012",
CAI,,BING,,"Jun 3, 1982",,,"Aug 5, 2014",
RADITYO,,CHUSNUL,,"Aug 22, 1984",,,"Mar 19, 2013",
MICHAEL ANGELO,,CIRIGÑANO,,"Dec 7, 1947",,,"Aug 30, 2017",
WU,,BING,,"Nov 11, 1977",,,"May 9, 2013",
DAVID,,ORAND,,"Dec 4, 1955",,,"Oct 5, 1994",
DAVE,,BAQUIRAN,,"Feb 13, 1972",,,"Dec 26, 2012",
RONALD,,CAMACHO,,"Dec 24, 1976",,,"Nov 5, 1993",
CHUA,,HO SAN,,"Oct 11, 1965",,,,
CAI,,HONG,,"Sep 21, 1968",,,"Nov 14, 2001",
WILLIAM,,CHUA,,"Feb 15, 1966",,,"Nov 15, 2001",
YU ,,MING,,"Apr 28, 1973",,,"Apr 17, 2013",
QIAO WEN,,JIANG,,"Jun 5, 1976",,,"Feb 23, 2014",
RENATO,,GO,,"May 20, 1962",,,"Aug 26, 2016",
JONATHAN,,LEE SENG,,"Oct 17, 1962",,,"Oct 10, 2013",
WILLIAM,,BURTON,,"Aug 17, 1962",,,"Aug 9, 1993",
BENI,,CHUA,,"Sep 7, 1978",,,"Jan 24, 2013",
PRAKASH,,GULRAJ,,"Apr 29, 1957",,,"Aug 17, 2015",
HARRY,,SCHELIN,,"May 7, 1947",,,"Mar 18, 2013",
FATI,,OMOGBOLAHAN,,"Dec 1, 1966",,,"Apr 2, 1993",
YAMBA,,LISASI,,"Jul 5, 1956",,,"Apr 2, 1993",
ANDERSON,,TAN,,"Feb 13, 1974",,,"May 16, 1996",
SOH ,,KIAM,,"Sep 21, 1974",,,"Dec 9, 2010",
,,,,,,Page 16 of,, 18
,Friday 29 March 2019,,,,,,,
First Name,,Last Name,Birthday,,Detention Date,,,
FRANCO DARMO,,DE GUZMAN,,"Dec 31, 1965",,,"Oct 6, 2010",
NABEEL AHMED,,BUTT,,"Feb 5, 1980",,,"Jun 2, 2017",
JIANG HUO,,ZAO,,"Dec 28, 1961",,,"Jul 1, 2011",
KEVIN,,TAYLOR,,"Oct 5, 1965",,,"May 15, 2009",
LIANFU,,CHEN,,"Jun 30, 1955",,,"Jan 28, 2011",
WENDUN,,CHEN,,"Oct 16, 1964",,,"Jan 28, 2011",
BALWINDER,,SINGH,,"Jan 6, 1969",,,"Sep 12, 1996",
MALKIT,,SINGH DHILLON,,"Mar 31, 1958",,,"Jul 24, 1994",
DALVIR,,SINGH,,"Oct 4, 1954",,,"Oct 18, 1994",
AZAM,,KHAN,,"Aug 8, 1963",,,"Jul 13, 1993",
JORGE MANUEL,,REBIERO,,"Feb 2, 1961",,,"Sep 19, 2008",
MAKOTO,,KUNII,,"Nov 27, 1990",,,"Jul 15, 2011",
CARLOS,,TY,,"Nov 1, 1985",,,"Oct 26, 2012",
TAN NGEE,,FOO,,"Jan 11, 1943",,,"Jun 27, 2006",
MANINDER,,SINGH,,"Jul 5, 1987",,,"Sep 27, 2010",
LAN,,CHEE TAT,,"Dec 8, 1970",,,"Jan 23, 2012",
SAMUEL,,CHAN,,"Aug 30, 1976",,,"Jan 23, 2012",
,,,,,,Page 17 of,, 18
,Friday 29 March 2019,,,,,,,
